,count(41)
【虫損部は山口大学図書館所蔵本を参照　https://kotensek,1
虫損部は山口大学図書館所蔵本を参照　https://kotenseki,1
損部は山口大学図書館所蔵本を参照　https://kotenseki.,1
部は山口大学図書館所蔵本を参照　https://kotenseki.n,1
は山口大学図書館所蔵本を参照　https://kotenseki.ni,1
山口大学図書館所蔵本を参照　https://kotenseki.nij,1
口大学図書館所蔵本を参照　https://kotenseki.nijl,1
大学図書館所蔵本を参照　https://kotenseki.nijl.,1
学図書館所蔵本を参照　https://kotenseki.nijl.a,1
図書館所蔵本を参照　https://kotenseki.nijl.ac,1
書館所蔵本を参照　https://kotenseki.nijl.ac.,1
館所蔵本を参照　https://kotenseki.nijl.ac.j,1
所蔵本を参照　https://kotenseki.nijl.ac.jp,1
蔵本を参照　https://kotenseki.nijl.ac.jp/,1
本を参照　https://kotenseki.nijl.ac.jp/b,1
を参照　https://kotenseki.nijl.ac.jp/bi,1
参照　https://kotenseki.nijl.ac.jp/bib,1
照　https://kotenseki.nijl.ac.jp/bibl,1
　https://kotenseki.nijl.ac.jp/bibli,1
https://kotenseki.nijl.ac.jp/biblio,1
ttps://kotenseki.nijl.ac.jp/biblio/,1
tps://kotenseki.nijl.ac.jp/biblio/1,1
ps://kotenseki.nijl.ac.jp/biblio/10,1
s://kotenseki.nijl.ac.jp/biblio/100,1
://kotenseki.nijl.ac.jp/biblio/1002,1
//kotenseki.nijl.ac.jp/biblio/10026,1
/kotenseki.nijl.ac.jp/biblio/100269,1
kotenseki.nijl.ac.jp/biblio/1002698,1
otenseki.nijl.ac.jp/biblio/10026985,1
tenseki.nijl.ac.jp/biblio/100269851,1
enseki.nijl.ac.jp/biblio/100269851/,1
nseki.nijl.ac.jp/biblio/100269851/v,1
seki.nijl.ac.jp/biblio/100269851/vi,1
eki.nijl.ac.jp/biblio/100269851/vie,1
ki.nijl.ac.jp/biblio/100269851/view,1
i.nijl.ac.jp/biblio/100269851/viewe,1
.nijl.ac.jp/biblio/100269851/viewer,1
nijl.ac.jp/biblio/100269851/viewer/,1
ijl.ac.jp/biblio/100269851/viewer/4,1
jl.ac.jp/biblio/100269851/viewer/46,1
l.ac.jp/biblio/100269851/viewer/46】,1
